day,scenario,city,mean,std
0,regular_regular,A,0.0,0.0
1,regular_regular,A,0.0,0.0
2,regular_regular,A,1.0,0.0
3,regular_regular,A,1.0,0.0
4,regular_regular,A,1.0,0.0
5,regular_regular,A,1.1666666666666667,0.3726779962499649
6,regular_regular,A,1.3,0.5259911279353167
7,regular_regular,A,1.6,0.7571877794400363
8,regular_regular,A,0.7333333333333333,0.8537498983243796
9,regular_regular,A,1.0,1.0327955589886444
10,regular_regular,A,1.2333333333333334,1.2297244497131143
11,regular_regular,A,1.1666666666666667,1.2931443160847218
12,regular_regular,A,1.1666666666666667,1.3186693629901658
13,regular_regular,A,1.0666666666666667,1.4126413400278062
14,regular_regular,A,1.1333333333333333,1.4313940369055926
15,regular_regular,A,1.1333333333333333,1.4996295838935991
16,regular_regular,A,1.1333333333333333,1.687865186822955
17,regular_regular,A,1.2333333333333334,1.7065234314893605
18,regular_regular,A,1.3333333333333333,1.885618083164127
19,regular_regular,A,1.4333333333333333,2.108448613449129
20,regular_regular,A,1.3666666666666667,2.15225979431439
21,regular_regular,A,1.4,2.0752509888364505
22,regular_regular,A,1.5,2.262005010309806
23,regular_regular,A,1.4666666666666666,2.276449477195183
24,regular_regular,A,1.3666666666666667,2.105284356618417
25,regular_regular,A,1.4,2.0912516188477492
26,regular_regular,A,1.4,2.1847959477565255
27,regular_regular,A,1.1666666666666667,1.8454147380888546
28,regular_regular,A,1.1333333333333333,1.7838784213679537
29,regular_regular,A,1.1,1.8321208111548393
30,regular_regular,A,1.1333333333333333,1.8749814813900314
31,regular_regular,A,0.9333333333333333,1.5260697523012796
32,regular_regular,A,0.9333333333333333,1.4126413400278062
33,regular_regular,A,1.1333333333333333,1.746106780494506
34,regular_regular,A,0.9666666666666667,1.6017351702311948
35,regular_regular,A,1.0,1.61245154965971
36,regular_regular,A,1.0666666666666667,1.7307673314329557
37,regular_regular,A,1.0,1.6532795690182993
38,regular_regular,A,0.9,1.556705923844749
39,regular_regular,A,0.7333333333333333,1.2364824660660936
40,regular_regular,A,0.7333333333333333,1.436043948569201
41,regular_regular,A,0.6666666666666666,1.398411797560202
42,regular_regular,A,0.4666666666666667,0.9568466729604881
43,regular_regular,A,0.4666666666666667,0.8844332774281064
44,regular_regular,A,0.5,1.02469507659596
45,regular_regular,A,0.5,1.02469507659596
46,regular_regular,A,0.43333333333333335,1.0225241100118647
47,regular_regular,A,0.36666666666666664,0.9122621455602672
48,regular_regular,A,0.4,1.0832051206181277
49,regular_regular,A,0.4666666666666667,1.2310790208412923
50,regular_regular,A,0.43333333333333335,1.0546194679704248
51,regular_regular,A,0.43333333333333335,1.1742609969205688
52,regular_regular,A,0.4,0.9865765724632496
53,regular_regular,A,0.36666666666666664,0.9122621455602672
54,regular_regular,A,0.3,0.7371114795831993
55,regular_regular,A,0.16666666666666666,0.45338235029118146
56,regular_regular,A,0.13333333333333333,0.42687494916218993
57,regular_regular,A,0.06666666666666667,0.24944382578492943
58,regular_regular,A,0.03333333333333333,0.1795054935711501
59,regular_regular,A,0.03333333333333333,0.1795054935711501
60,regular_regular,A,0.03333333333333333,0.1795054935711501
61,regular_regular,A,0.03333333333333333,0.1795054935711501
62,regular_regular,A,0.03333333333333333,0.1795054935711501
63,regular_regular,A,0.0,0.0
64,regular_regular,A,0.0,0.0
65,regular_regular,A,0.0,0.0
66,regular_regular,A,0.0,0.0
67,regular_regular,A,0.0,0.0
68,regular_regular,A,0.0,0.0
69,regular_regular,A,0.0,0.0
70,regular_regular,A,0.0,0.0
71,regular_regular,A,0.0,0.0
72,regular_regular,A,0.0,0.0
73,regular_regular,A,0.0,0.0
74,regular_regular,A,0.0,0.0
75,regular_regular,A,0.0,0.0
76,regular_regular,A,0.0,0.0
77,regular_regular,A,0.0,0.0
78,regular_regular,A,0.0,0.0
79,regular_regular,A,0.0,0.0
80,regular_regular,A,0.0,0.0
81,regular_regular,A,0.0,0.0
82,regular_regular,A,0.0,0.0
83,regular_regular,A,0.0,0.0
84,regular_regular,A,0.0,0.0
85,regular_regular,A,0.0,0.0
86,regular_regular,A,0.0,0.0
87,regular_regular,A,0.0,0.0
88,regular_regular,A,0.0,0.0
89,regular_regular,A,0.0,0.0
90,regular_regular,A,0.0,0.0
91,regular_regular,A,0.0,0.0
92,regular_regular,A,0.0,0.0
93,regular_regular,A,0.0,0.0
94,regular_regular,A,0.0,0.0
95,regular_regular,A,0.0,0.0
96,regular_regular,A,0.0,0.0
97,regular_regular,A,0.0,0.0
98,regular_regular,A,0.0,0.0
99,regular_regular,A,0.0,0.0
100,regular_regular,A,0.0,0.0
101,regular_regular,A,0.0,0.0
102,regular_regular,A,0.0,0.0
103,regular_regular,A,0.0,0.0
104,regular_regular,A,0.0,0.0
105,regular_regular,A,0.0,0.0
106,regular_regular,A,0.0,0.0
107,regular_regular,A,0.0,0.0
108,regular_regular,A,0.0,0.0
109,regular_regular,A,0.0,0.0
110,regular_regular,A,0.0,0.0
111,regular_regular,A,0.0,0.0
112,regular_regular,A,0.0,0.0
113,regular_regular,A,0.0,0.0
114,regular_regular,A,0.0,0.0
115,regular_regular,A,0.0,0.0
116,regular_regular,A,0.0,0.0
117,regular_regular,A,0.0,0.0
118,regular_regular,A,0.0,0.0
119,regular_regular,A,0.0,0.0
120,regular_regular,A,0.0,0.0
0,regular_regular,B,0.0,0.0
1,regular_regular,B,0.0,0.0
2,regular_regular,B,0.0,0.0
3,regular_regular,B,0.0,0.0
4,regular_regular,B,0.0,0.0
5,regular_regular,B,0.0,0.0
6,regular_regular,B,0.0,0.0
7,regular_regular,B,0.0,0.0
8,regular_regular,B,0.03333333333333333,0.17950549357115014
9,regular_regular,B,0.03333333333333333,0.17950549357115014
10,regular_regular,B,0.03333333333333333,0.17950549357115014
11,regular_regular,B,0.06666666666666667,0.3590109871423003
12,regular_regular,B,0.1,0.5385164807134505
13,regular_regular,B,0.1,0.5385164807134505
14,regular_regular,B,0.06666666666666667,0.3590109871423003
15,regular_regular,B,0.13333333333333333,0.7180219742846006
16,regular_regular,B,0.16666666666666666,0.8975274678557507
17,regular_regular,B,0.13333333333333333,0.7180219742846006
18,regular_regular,B,0.23333333333333334,1.256538454998051
19,regular_regular,B,0.26666666666666666,1.4360439485692011
20,regular_regular,B,0.26666666666666666,1.4360439485692011
21,regular_regular,B,0.23333333333333334,1.256538454998051
22,regular_regular,B,0.26666666666666666,1.4360439485692011
23,regular_regular,B,0.36666666666666664,1.9745604292826515
24,regular_regular,B,0.26666666666666666,1.4360439485692011
25,regular_regular,B,0.3,1.6155494421403511
26,regular_regular,B,0.36666666666666664,1.9745604292826515
27,regular_regular,B,0.36666666666666664,1.9745604292826515
28,regular_regular,B,0.3333333333333333,1.7950549357115013
29,regular_regular,B,0.3333333333333333,1.6193277068654823
30,regular_regular,B,0.3,1.4410644214144859
31,regular_regular,B,0.3,1.4410644214144859
32,regular_regular,B,0.26666666666666666,1.2631530214330944
33,regular_regular,B,0.36666666666666664,1.4715826703096078
34,regular_regular,B,0.3333333333333333,1.2995725793078619
35,regular_regular,B,0.23333333333333334,0.9195409482755815
36,regular_regular,B,0.26666666666666666,0.9637888196533974
37,regular_regular,B,0.2,0.6531972647421809
38,regular_regular,B,0.2,0.6531972647421809
39,regular_regular,B,0.1,0.3958114029012639
40,regular_regular,B,0.13333333333333333,0.49888765156985887
41,regular_regular,B,0.13333333333333333,0.49888765156985887
42,regular_regular,B,0.1,0.39581140290126393
43,regular_regular,B,0.1,0.39581140290126393
44,regular_regular,B,0.06666666666666667,0.24944382578492943
45,regular_regular,B,0.1,0.30000000000000004
46,regular_regular,B,0.1,0.30000000000000004
47,regular_regular,B,0.1,0.30000000000000004
48,regular_regular,B,0.1,0.30000000000000004
49,regular_regular,B,0.1,0.30000000000000004
50,regular_regular,B,0.1,0.30000000000000004
51,regular_regular,B,0.03333333333333333,0.17950549357115014
52,regular_regular,B,0.0,0.0
53,regular_regular,B,0.0,0.0
54,regular_regular,B,0.0,0.0
55,regular_regular,B,0.0,0.0
56,regular_regular,B,0.0,0.0
57,regular_regular,B,0.0,0.0
58,regular_regular,B,0.0,0.0
59,regular_regular,B,0.0,0.0
60,regular_regular,B,0.0,0.0
61,regular_regular,B,0.0,0.0
62,regular_regular,B,0.0,0.0
63,regular_regular,B,0.0,0.0
64,regular_regular,B,0.0,0.0
65,regular_regular,B,0.0,0.0
66,regular_regular,B,0.0,0.0
67,regular_regular,B,0.0,0.0
68,regular_regular,B,0.0,0.0
69,regular_regular,B,0.0,0.0
70,regular_regular,B,0.0,0.0
71,regular_regular,B,0.0,0.0
72,regular_regular,B,0.0,0.0
73,regular_regular,B,0.0,0.0
74,regular_regular,B,0.0,0.0
75,regular_regular,B,0.0,0.0
76,regular_regular,B,0.0,0.0
77,regular_regular,B,0.0,0.0
78,regular_regular,B,0.0,0.0
79,regular_regular,B,0.0,0.0
80,regular_regular,B,0.0,0.0
81,regular_regular,B,0.0,0.0
82,regular_regular,B,0.0,0.0
83,regular_regular,B,0.0,0.0
84,regular_regular,B,0.0,0.0
85,regular_regular,B,0.0,0.0
86,regular_regular,B,0.0,0.0
87,regular_regular,B,0.0,0.0
88,regular_regular,B,0.0,0.0
89,regular_regular,B,0.0,0.0
90,regular_regular,B,0.0,0.0
91,regular_regular,B,0.0,0.0
92,regular_regular,B,0.0,0.0
93,regular_regular,B,0.0,0.0
94,regular_regular,B,0.0,0.0
95,regular_regular,B,0.0,0.0
96,regular_regular,B,0.0,0.0
97,regular_regular,B,0.0,0.0
98,regular_regular,B,0.0,0.0
99,regular_regular,B,0.0,0.0
100,regular_regular,B,0.0,0.0
101,regular_regular,B,0.0,0.0
102,regular_regular,B,0.0,0.0
103,regular_regular,B,0.0,0.0
104,regular_regular,B,0.0,0.0
105,regular_regular,B,0.0,0.0
106,regular_regular,B,0.0,0.0
107,regular_regular,B,0.0,0.0
108,regular_regular,B,0.0,0.0
109,regular_regular,B,0.0,0.0
110,regular_regular,B,0.0,0.0
111,regular_regular,B,0.0,0.0
112,regular_regular,B,0.0,0.0
113,regular_regular,B,0.0,0.0
114,regular_regular,B,0.0,0.0
115,regular_regular,B,0.0,0.0
116,regular_regular,B,0.0,0.0
117,regular_regular,B,0.0,0.0
118,regular_regular,B,0.0,0.0
119,regular_regular,B,0.0,0.0
120,regular_regular,B,0.0,0.0
0,clustered_regular,A,0.0,0.0
1,clustered_regular,A,0.0,0.0
2,clustered_regular,A,1.0,0.0
3,clustered_regular,A,1.0,0.0
4,clustered_regular,A,1.0,0.0
5,clustered_regular,A,1.1,0.3
6,clustered_regular,A,1.4,0.5537749241945383
7,clustered_regular,A,1.5666666666666667,0.6155395104206461
8,clustered_regular,A,0.7,0.7810249675906653
9,clustered_regular,A,1.0333333333333334,0.9826268648655784
10,clustered_regular,A,1.4,1.019803902718557
11,clustered_regular,A,1.3666666666666667,0.9480975102218594
12,clustered_regular,A,1.1666666666666667,0.8595864638818418
13,clustered_regular,A,1.1333333333333333,0.9213516640723501
14,clustered_regular,A,1.2,0.9451631252505216
15,clustered_regular,A,1.0,0.9309493362512627
16,clustered_regular,A,0.8,0.7916228058025279
17,clustered_regular,A,0.9,0.9780933834080806
18,clustered_regular,A,0.9666666666666667,1.0482790129010924
19,clustered_regular,A,1.0,1.0645812948447542
20,clustered_regular,A,0.9,0.9780933834080807
21,clustered_regular,A,0.9,1.044030650891055
22,clustered_regular,A,0.7333333333333333,0.9977753031397176
23,clustered_regular,A,0.6333333333333333,0.8749603165604457
24,clustered_regular,A,0.5333333333333333,0.8459051693633013
25,clustered_regular,A,0.43333333333333335,0.7608474807008886
26,clustered_regular,A,0.36666666666666664,0.706320670013903
27,clustered_regular,A,0.36666666666666664,0.6574360974438673
28,clustered_regular,A,0.4,0.7118052168020874
29,clustered_regular,A,0.36666666666666664,0.752034278178565
30,clustered_regular,A,0.36666666666666664,0.7520342781785652
31,clustered_regular,A,0.36666666666666664,0.8749603165604457
32,clustered_regular,A,0.3333333333333333,0.8299933065325821
33,clustered_regular,A,0.26666666666666666,0.6289320754704404
34,clustered_regular,A,0.23333333333333334,0.6155395104206461
35,clustered_regular,A,0.23333333333333334,0.7608474807008886
36,clustered_regular,A,0.2,0.7483314773547881
37,clustered_regular,A,0.16666666666666666,0.7340905181848416
38,clustered_regular,A,0.2,0.9092121131323903
39,clustered_regular,A,0.2,1.0770329614269007
40,clustered_regular,A,0.2,1.0770329614269007
41,clustered_regular,A,0.2,0.9092121131323903
42,clustered_regular,A,0.16666666666666666,0.7340905181848416
43,clustered_regular,A,0.13333333333333333,0.561743318211757
44,clustered_regular,A,0.1,0.3958114029012639
45,clustered_regular,A,0.03333333333333333,0.17950549357115012
46,clustered_regular,A,0.1,0.3958114029012639
47,clustered_regular,A,0.13333333333333333,0.561743318211757
48,clustered_regular,A,0.16666666666666666,0.6368324391514268
49,clustered_regular,A,0.16666666666666666,0.6368324391514268
50,clustered_regular,A,0.16666666666666666,0.6368324391514268
51,clustered_regular,A,0.2,0.7483314773547881
52,clustered_regular,A,0.16666666666666666,0.6368324391514268
53,clustered_regular,A,0.13333333333333333,0.49888765156985887
54,clustered_regular,A,0.16666666666666666,0.6368324391514268
55,clustered_regular,A,0.2,0.7483314773547881
56,clustered_regular,A,0.23333333333333334,0.8825468196582485
57,clustered_regular,A,0.2,0.7916228058025278
58,clustered_regular,A,0.16666666666666666,0.6368324391514268
59,clustered_regular,A,0.13333333333333333,0.49888765156985887
60,clustered_regular,A,0.06666666666666667,0.35901098714230023
61,clustered_regular,A,0.03333333333333333,0.17950549357115012
62,clustered_regular,A,0.03333333333333333,0.17950549357115012
63,clustered_regular,A,0.03333333333333333,0.17950549357115012
64,clustered_regular,A,0.03333333333333333,0.17950549357115012
65,clustered_regular,A,0.03333333333333333,0.17950549357115012
66,clustered_regular,A,0.03333333333333333,0.17950549357115012
67,clustered_regular,A,0.03333333333333333,0.17950549357115012
68,clustered_regular,A,0.0,0.0
69,clustered_regular,A,0.0,0.0
70,clustered_regular,A,0.0,0.0
71,clustered_regular,A,0.0,0.0
72,clustered_regular,A,0.0,0.0
73,clustered_regular,A,0.0,0.0
74,clustered_regular,A,0.0,0.0
75,clustered_regular,A,0.0,0.0
76,clustered_regular,A,0.0,0.0
77,clustered_regular,A,0.0,0.0
78,clustered_regular,A,0.0,0.0
79,clustered_regular,A,0.0,0.0
80,clustered_regular,A,0.0,0.0
81,clustered_regular,A,0.0,0.0
82,clustered_regular,A,0.0,0.0
83,clustered_regular,A,0.0,0.0
84,clustered_regular,A,0.0,0.0
85,clustered_regular,A,0.0,0.0
86,clustered_regular,A,0.0,0.0
87,clustered_regular,A,0.0,0.0
88,clustered_regular,A,0.0,0.0
89,clustered_regular,A,0.0,0.0
90,clustered_regular,A,0.0,0.0
91,clustered_regular,A,0.0,0.0
92,clustered_regular,A,0.0,0.0
93,clustered_regular,A,0.0,0.0
94,clustered_regular,A,0.0,0.0
95,clustered_regular,A,0.0,0.0
96,clustered_regular,A,0.0,0.0
97,clustered_regular,A,0.0,0.0
98,clustered_regular,A,0.0,0.0
99,clustered_regular,A,0.0,0.0
100,clustered_regular,A,0.0,0.0
101,clustered_regular,A,0.0,0.0
102,clustered_regular,A,0.0,0.0
103,clustered_regular,A,0.0,0.0
104,clustered_regular,A,0.0,0.0
105,clustered_regular,A,0.0,0.0
106,clustered_regular,A,0.0,0.0
107,clustered_regular,A,0.0,0.0
108,clustered_regular,A,0.0,0.0
109,clustered_regular,A,0.0,0.0
110,clustered_regular,A,0.0,0.0
111,clustered_regular,A,0.0,0.0
112,clustered_regular,A,0.0,0.0
113,clustered_regular,A,0.0,0.0
114,clustered_regular,A,0.0,0.0
115,clustered_regular,A,0.0,0.0
116,clustered_regular,A,0.0,0.0
117,clustered_regular,A,0.0,0.0
118,clustered_regular,A,0.0,0.0
119,clustered_regular,A,0.0,0.0
120,clustered_regular,A,0.0,0.0
0,clustered_regular,B,0.0,0.0
1,clustered_regular,B,0.0,0.0
2,clustered_regular,B,0.0,0.0
3,clustered_regular,B,0.0,0.0
4,clustered_regular,B,0.0,0.0
5,clustered_regular,B,0.0,0.0
6,clustered_regular,B,0.0,0.0
7,clustered_regular,B,0.03333333333333333,0.17950549357115012
8,clustered_regular,B,0.06666666666666667,0.24944382578492943
9,clustered_regular,B,0.06666666666666667,0.24944382578492943
10,clustered_regular,B,0.1,0.3958114029012639
11,clustered_regular,B,0.1,0.3958114029012639
12,clustered_regular,B,0.1,0.3958114029012639
13,clustered_regular,B,0.1,0.3958114029012639
14,clustered_regular,B,0.06666666666666667,0.35901098714230023
15,clustered_regular,B,0.06666666666666667,0.35901098714230023
16,clustered_regular,B,0.06666666666666667,0.35901098714230023
17,clustered_regular,B,0.06666666666666667,0.35901098714230023
18,clustered_regular,B,0.1,0.5385164807134504
19,clustered_regular,B,0.06666666666666667,0.35901098714230023
20,clustered_regular,B,0.06666666666666667,0.35901098714230023
21,clustered_regular,B,0.06666666666666667,0.35901098714230023
22,clustered_regular,B,0.06666666666666667,0.24944382578492943
23,clustered_regular,B,0.1,0.3
24,clustered_regular,B,0.06666666666666667,0.24944382578492943
25,clustered_regular,B,0.06666666666666667,0.24944382578492943
26,clustered_regular,B,0.06666666666666667,0.24944382578492943
27,clustered_regular,B,0.06666666666666667,0.24944382578492943
28,clustered_regular,B,0.03333333333333333,0.1795054935711501
29,clustered_regular,B,0.0,0.0
30,clustered_regular,B,0.0,0.0
31,clustered_regular,B,0.0,0.0
32,clustered_regular,B,0.0,0.0
33,clustered_regular,B,0.0,0.0
34,clustered_regular,B,0.0,0.0
35,clustered_regular,B,0.0,0.0
36,clustered_regular,B,0.0,0.0
37,clustered_regular,B,0.0,0.0
38,clustered_regular,B,0.0,0.0
39,clustered_regular,B,0.0,0.0
40,clustered_regular,B,0.0,0.0
41,clustered_regular,B,0.0,0.0
42,clustered_regular,B,0.0,0.0
43,clustered_regular,B,0.0,0.0
44,clustered_regular,B,0.0,0.0
45,clustered_regular,B,0.0,0.0
46,clustered_regular,B,0.0,0.0
47,clustered_regular,B,0.0,0.0
48,clustered_regular,B,0.0,0.0
49,clustered_regular,B,0.0,0.0
50,clustered_regular,B,0.0,0.0
51,clustered_regular,B,0.0,0.0
52,clustered_regular,B,0.0,0.0
53,clustered_regular,B,0.0,0.0
54,clustered_regular,B,0.0,0.0
55,clustered_regular,B,0.0,0.0
56,clustered_regular,B,0.0,0.0
57,clustered_regular,B,0.0,0.0
58,clustered_regular,B,0.0,0.0
59,clustered_regular,B,0.0,0.0
60,clustered_regular,B,0.0,0.0
61,clustered_regular,B,0.0,0.0
62,clustered_regular,B,0.0,0.0
63,clustered_regular,B,0.0,0.0
64,clustered_regular,B,0.0,0.0
65,clustered_regular,B,0.0,0.0
66,clustered_regular,B,0.0,0.0
67,clustered_regular,B,0.0,0.0
68,clustered_regular,B,0.03333333333333333,0.17950549357115012
69,clustered_regular,B,0.03333333333333333,0.17950549357115012
70,clustered_regular,B,0.03333333333333333,0.17950549357115012
71,clustered_regular,B,0.03333333333333333,0.17950549357115012
72,clustered_regular,B,0.03333333333333333,0.17950549357115012
73,clustered_regular,B,0.03333333333333333,0.17950549357115012
74,clustered_regular,B,0.0,0.0
75,clustered_regular,B,0.03333333333333333,0.17950549357115012
76,clustered_regular,B,0.03333333333333333,0.17950549357115012
77,clustered_regular,B,0.03333333333333333,0.17950549357115012
78,clustered_regular,B,0.03333333333333333,0.17950549357115012
79,clustered_regular,B,0.03333333333333333,0.17950549357115012
80,clustered_regular,B,0.03333333333333333,0.17950549357115012
81,clustered_regular,B,0.0,0.0
82,clustered_regular,B,0.03333333333333333,0.17950549357115012
83,clustered_regular,B,0.03333333333333333,0.17950549357115012
84,clustered_regular,B,0.03333333333333333,0.17950549357115012
85,clustered_regular,B,0.03333333333333333,0.17950549357115012
86,clustered_regular,B,0.06666666666666667,0.35901098714230023
87,clustered_regular,B,0.06666666666666667,0.35901098714230023
88,clustered_regular,B,0.03333333333333333,0.17950549357115012
89,clustered_regular,B,0.06666666666666667,0.35901098714230023
90,clustered_regular,B,0.06666666666666667,0.35901098714230023
91,clustered_regular,B,0.06666666666666667,0.35901098714230023
92,clustered_regular,B,0.03333333333333333,0.17950549357115012
93,clustered_regular,B,0.1,0.5385164807134504
94,clustered_regular,B,0.1,0.5385164807134504
95,clustered_regular,B,0.06666666666666667,0.35901098714230023
96,clustered_regular,B,0.1,0.5385164807134504
97,clustered_regular,B,0.1,0.5385164807134504
98,clustered_regular,B,0.13333333333333333,0.7180219742846005
99,clustered_regular,B,0.1,0.5385164807134504
100,clustered_regular,B,0.13333333333333333,0.7180219742846005
101,clustered_regular,B,0.13333333333333333,0.7180219742846005
102,clustered_regular,B,0.1,0.5385164807134504
103,clustered_regular,B,0.1,0.5385164807134504
104,clustered_regular,B,0.1,0.5385164807134504
105,clustered_regular,B,0.06666666666666667,0.35901098714230023
106,clustered_regular,B,0.03333333333333333,0.17950549357115012
107,clustered_regular,B,0.06666666666666667,0.35901098714230023
108,clustered_regular,B,0.06666666666666667,0.35901098714230023
109,clustered_regular,B,0.06666666666666667,0.35901098714230023
110,clustered_regular,B,0.06666666666666667,0.35901098714230023
111,clustered_regular,B,0.06666666666666667,0.35901098714230023
112,clustered_regular,B,0.06666666666666667,0.35901098714230023
113,clustered_regular,B,0.03333333333333333,0.17950549357115012
114,clustered_regular,B,0.03333333333333333,0.17950549357115012
115,clustered_regular,B,0.03333333333333333,0.17950549357115012
116,clustered_regular,B,0.0,0.0
117,clustered_regular,B,0.0,0.0
118,clustered_regular,B,0.0,0.0
119,clustered_regular,B,0.0,0.0
120,clustered_regular,B,0.0,0.0
