day,clustered_mean,clustered_std,regular_mean,regular_std
0,0.0,0.0,0.0,0.0
1,0.0,0.0,0.0,0.0
2,1.0,0.0,1.0,0.0
3,1.0,0.0,1.0,0.0
4,1.0,0.0,1.0,0.0
5,1.3,0.5259911279353167,1.2333333333333334,0.42295258468165065
6,1.4,0.6110100926607787,1.3,0.5259911279353167
7,1.7666666666666666,0.6674994798166929,1.5333333333333334,0.6699917080747261
8,0.8333333333333334,0.7340905181848414,0.9333333333333333,0.9637888196533974
9,1.0666666666666667,0.8537498983243799,1.0,1.0645812948447542
10,1.5666666666666667,1.0546194679704248,1.3333333333333333,1.7384539747207066
11,1.4333333333333333,1.1455226851626386,1.3333333333333333,1.6996731711975948
12,1.5,1.2315302134607444,1.6666666666666667,2.0385179801894204
13,1.4666666666666666,1.359738536958076,1.8333333333333333,2.192157739660985
14,1.6,1.3316656236958784,1.6333333333333333,2.0245712852080286
15,1.6,1.2806248474865698,1.9333333333333333,2.2350739485653612
16,1.3666666666666667,1.3535960336164634,1.9,2.0872629605937694
17,1.5,1.4776106839534333,1.9,2.2708295107001466
18,1.6333333333333333,1.559558342038611,1.9,2.3572582944316194
19,1.5,1.5438048235879214,1.7333333333333334,2.3513589451397863
20,1.5333333333333334,1.5434449203720304,1.9666666666666666,2.6392338955756753
21,1.5,1.5438048235879214,1.8666666666666667,2.667499869832341
22,1.2666666666666666,1.2631530214330944,1.8,2.468467810876483
23,1.1333333333333333,1.3097921802925667,1.6666666666666667,2.285218200133681
24,0.9666666666666667,1.168569876197207,1.3333333333333333,1.8499249234015476
25,0.9666666666666667,1.3287420951996498,1.4,1.9595917942265422
26,0.9333333333333333,1.3148721948877347,1.2,1.7204650534085253
27,0.9333333333333333,1.2631530214330944,1.0666666666666667,1.590248058916875
28,0.9666666666666667,1.3287420951996498,0.9666666666666667,1.4255603186895398
29,0.8333333333333334,1.1279282877125751,1.2,1.8147543451754933
30,0.7666666666666667,1.116044602852214,1.2666666666666666,1.8785337071473827
31,0.7,1.004987562112089,1.1666666666666667,1.9163043135739748
32,0.5333333333333333,0.8459051693633013,1.1,1.9553345834749951
33,0.43333333333333335,0.8825468196582484,1.1333333333333333,1.9275776393067947
34,0.4666666666666667,0.8459051693633013,1.2,1.8690461025168248
35,0.4666666666666667,0.9213516640723501,1.0666666666666667,1.8061622912192086
36,0.43333333333333335,0.8825468196582484,0.9666666666666667,1.702612371882951
37,0.36666666666666664,0.7520342781785652,0.8333333333333334,1.4624940645653535
38,0.3333333333333333,0.699205898780101,0.9666666666666667,1.7792008193443354
39,0.3,0.6904105059069326,0.9,1.6603212540549697
40,0.3,0.7371114795831993,0.8,1.7204650534085255
41,0.26666666666666666,0.6798692684790381,0.8666666666666667,1.7838784213679537
42,0.23333333333333334,0.5587684871413402,0.9333333333333333,1.9136933459209762
43,0.16666666666666666,0.37267799624996495,0.9,1.903505538035898
44,0.23333333333333334,0.6155395104206461,0.8333333333333334,1.790406533599438
45,0.16666666666666666,0.45338235029118146,0.8,1.758787461103056
46,0.06666666666666667,0.35901098714230023,0.8,1.7397317800933185
47,0.06666666666666667,0.35901098714230023,0.5666666666666667,1.2827920936595905
48,0.1,0.5385164807134504,0.7,1.5737428845483836
49,0.1,0.5385164807134504,0.7666666666666667,1.7065234314893605
50,0.03333333333333333,0.17950549357115012,0.6,1.3808210118138653
51,0.06666666666666667,0.35901098714230023,0.6333333333333333,1.4487542541400489
52,0.06666666666666667,0.35901098714230023,0.6,1.3808210118138653
53,0.06666666666666667,0.35901098714230023,0.6666666666666666,1.6397831834998458
54,0.03333333333333333,0.17950549357115012,0.43333333333333335,1.054619467970425
55,0.06666666666666667,0.35901098714230023,0.43333333333333335,1.054619467970425
56,0.06666666666666667,0.35901098714230023,0.4666666666666667,1.14697670227235
57,0.03333333333333333,0.17950549357115012,0.4,1.1135528725660044
58,0.03333333333333333,0.17950549357115012,0.3333333333333333,0.9428090415820634
59,0.03333333333333333,0.17950549357115012,0.26666666666666666,0.6289320754704404
60,0.1,0.5385164807134504,0.3333333333333333,0.8299933065325821
61,0.06666666666666667,0.35901098714230023,0.23333333333333334,0.6674994798166928
62,0.06666666666666667,0.35901098714230023,0.16666666666666666,0.5821416398857663
63,0.06666666666666667,0.35901098714230023,0.13333333333333333,0.42687494916218993
64,0.06666666666666667,0.35901098714230023,0.13333333333333333,0.42687494916218993
65,0.06666666666666667,0.35901098714230023,0.13333333333333333,0.561743318211757
66,0.03333333333333333,0.17950549357115012,0.06666666666666667,0.3590109871423002
67,0.03333333333333333,0.17950549357115012,0.06666666666666667,0.3590109871423002
68,0.03333333333333333,0.17950549357115012,0.03333333333333333,0.1795054935711501
69,0.06666666666666667,0.35901098714230023,0.06666666666666667,0.3590109871423002
70,0.06666666666666667,0.35901098714230023,0.06666666666666667,0.3590109871423002
71,0.06666666666666667,0.35901098714230023,0.03333333333333333,0.1795054935711501
72,0.03333333333333333,0.17950549357115012,0.06666666666666667,0.3590109871423002
73,0.03333333333333333,0.17950549357115012,0.06666666666666667,0.3590109871423002
74,0.03333333333333333,0.17950549357115012,0.06666666666666667,0.3590109871423002
75,0.0,0.0,0.03333333333333333,0.1795054935711501
76,0.03333333333333333,0.17950549357115012,0.03333333333333333,0.1795054935711501
77,0.03333333333333333,0.17950549357115012,0.03333333333333333,0.1795054935711501
78,0.03333333333333333,0.17950549357115012,0.0,0.0
79,0.06666666666666667,0.35901098714230023,0.0,0.0
80,0.06666666666666667,0.35901098714230023,0.0,0.0
81,0.06666666666666667,0.35901098714230023,0.0,0.0
82,0.03333333333333333,0.17950549357115012,0.0,0.0
83,0.03333333333333333,0.17950549357115012,0.0,0.0
84,0.06666666666666667,0.35901098714230023,0.0,0.0
85,0.03333333333333333,0.17950549357115012,0.0,0.0
86,0.03333333333333333,0.17950549357115012,0.0,0.0
87,0.06666666666666667,0.35901098714230023,0.0,0.0
88,0.06666666666666667,0.35901098714230023,0.0,0.0
89,0.06666666666666667,0.35901098714230023,0.0,0.0
90,0.03333333333333333,0.17950549357115012,0.0,0.0
91,0.03333333333333333,0.17950549357115012,0.0,0.0
92,0.03333333333333333,0.17950549357115012,0.0,0.0
93,0.0,0.0,0.0,0.0
94,0.0,0.0,0.0,0.0
95,0.0,0.0,0.0,0.0
96,0.0,0.0,0.0,0.0
97,0.0,0.0,0.0,0.0
98,0.0,0.0,0.0,0.0
99,0.0,0.0,0.0,0.0
100,0.0,0.0,0.0,0.0
101,0.0,0.0,0.0,0.0
102,0.0,0.0,0.0,0.0
103,0.0,0.0,0.0,0.0
104,0.0,0.0,0.0,0.0
105,0.0,0.0,0.0,0.0
106,0.0,0.0,0.0,0.0
107,0.0,0.0,0.0,0.0
108,0.0,0.0,0.0,0.0
109,0.0,0.0,0.0,0.0
110,0.0,0.0,0.0,0.0
111,0.0,0.0,0.0,0.0
112,0.0,0.0,0.0,0.0
113,0.0,0.0,0.0,0.0
114,0.0,0.0,0.0,0.0
115,0.0,0.0,0.0,0.0
116,0.0,0.0,0.0,0.0
117,0.0,0.0,0.0,0.0
118,0.0,0.0,0.0,0.0
119,0.0,0.0,0.0,0.0
120,0.0,0.0,0.0,0.0
